from,to
tallison,Tim Allison
tballison,Tim Allison
TALLISON,Tim Allison
Gérard BOUCHAR,Gérard Bouchar
manali,Manali Shah
Ken Krugler,Kenneth William Krugler
Grigoriy,Grigoriy Alekseev
Yash,Yash Tanna
Luis Nassif,Nassif
Dave Meikle,David Meikle
THausherr,Tilman Hausherr
Lee,PeterAlfredLee
sberyozkin,Sergey Beryozkin
AravindRam,Aravind Ram Nathan
Chris,Chris Zappia
rgauss,Ray Gauss II
lfcnassif,Nassif